Name,Price
Bitcoin,62638.9
Ethereum,2455.07
Tether,0.9997
BNB,569.89
Solana,145.74
USDC,0.9999
XRP,0.527
Dogecoin,0.1099
TRON,0.1627
Toncoin,5.14
Bitcoin,62638.9
Ethereum,2455.07
Tether,0.9997
BNB,569.89
Solana,145.74
USDC,0.9999
XRP,0.527
Dogecoin,0.1099
TRON,0.1627
Toncoin,5.14
Bitcoin,62638.9
Ethereum,2455.07
Tether,0.9997
BNB,569.89
Solana,145.74
USDC,0.9999
XRP,0.527
Dogecoin,0.1099
TRON,0.1627
Toncoin,5.14
Bitcoin,62638.9
Ethereum,2455.07
Tether,0.9997
BNB,569.89
Solana,145.74
USDC,0.9999
XRP,0.527
Dogecoin,0.1099
TRON,0.1627
Toncoin,5.14
